<?xml version="1.0" encoding="UTF-8" standalone="yes"?><javaScriptFFIContainer><namespaces name="audio"><jsFunctions name="record"><mappings platformId="1"><nativeFunction className="RecorderBindings" frameworks="" library="audio.zip" name="startRecording" packageName="" static="false"><versionSpecificLibraries><entry><key>5.0</key></entry><entry><key>6.0</key></entry></versionSpecificLibraries></nativeFunction></mappings><mappings platformId="8"><nativeFunction className="" frameworks="" library="AudioRecord.jar" name="" packageName="" static="false"><versionSpecificLibraries><entry><key>5.0</key></entry><entry><key>6.0</key></entry></versionSpecificLibraries></nativeFunction></mappings><returnTypes>void</returnTypes></jsFunctions><jsFunctions name="stopRecording"><mappings platformId="1"><nativeFunction className="RecorderBindings" frameworks="" library="CRM_AUDIO_IMG_S3_FFI.zip" name="stopRecording" packageName="" static="false"><versionSpecificLibraries><entry><key>5.0</key></entry><entry><key>6.0</key></entry></versionSpecificLibraries></nativeFunction></mappings><returnTypes>void</returnTypes></jsFunctions><jsFunctions name="playRecorded"><mappings platformId="1"><nativeFunction className="RecorderBindings" frameworks="" library="CRM_AUDIO_IMG_S3_FFI.zip" name="playRecording" packageName="" static="false"><versionSpecificLibraries><entry><key>5.0</key></entry><entry><key>6.0</key></entry></versionSpecificLibraries></nativeFunction></mappings><returnTypes>void</returnTypes></jsFunctions><jsFunctions name="initRecording"><mappings platformId="1"><nativeFunction className="RecorderBindings" frameworks="" library="CRM_AUDIO_IMG_S3_FFI.zip" name="prepareToRecord:" packageName="" static="false"><params dataType="NSString"/><versionSpecificLibraries><entry><key>5.0</key></entry><entry><key>6.0</key></entry></versionSpecificLibraries></nativeFunction></mappings><params dataType="String" name="fileName"/><returnTypes>void</returnTypes></jsFunctions><jsFunctions name="pauseRecording"><mappings platformId="1"><nativeFunction className="RecorderBindings" frameworks="" library="CRM_AUDIO_IMG_S3_FFI.zip" name="pauseRecording" packageName="" static="false"><versionSpecificLibraries><entry><key>5.0</key></entry><entry><key>6.0</key></entry></versionSpecificLibraries></nativeFunction></mappings><returnTypes>void</returnTypes></jsFunctions><jsFunctions name="purgeRecorded"><mappings platformId="1"><nativeFunction className="RecorderBindings" frameworks="" library="CRM_AUDIO_IMG_S3_FFI.zip" name="purgeRecorded" packageName="" static="false"><versionSpecificLibraries><entry><key>5.0</key></entry><entry><key>6.0</key></entry></versionSpecificLibraries></nativeFunction></mappings><returnTypes>void</returnTypes></jsFunctions><jsFunctions name="playRemoteAudioFile"><mappings platformId="1"><nativeFunction className="RecorderBindings" frameworks="" library="CRM_AUDIO_IMG_S3_FFI.zip" name="playRemoteAudioFile:" packageName="" static="false"><params dataType="NSString"/><versionSpecificLibraries><entry><key>5.0</key></entry><entry><key>6.0</key></entry></versionSpecificLibraries></nativeFunction></mappings><params dataType="String" name="remoteFileURL"/><returnTypes>void</returnTypes></jsFunctions><jsFunctions name="pausePlaying"><mappings platformId="1"><nativeFunction className="RecorderBindings" frameworks="" library="CRM_AUDIO_IMG_S3_FFI.zip" name="pausePlaying" packageName="" static="false"><versionSpecificLibraries><entry><key>5.0</key></entry><entry><key>6.0</key></entry></versionSpecificLibraries></nativeFunction></mappings><returnTypes>void</returnTypes></jsFunctions><jsFunctions name="stopPlaying"><mappings platformId="1"><nativeFunction className="RecorderBindings" frameworks="" library="CRM_AUDIO_IMG_S3_FFI.zip" name="stopPlaying" packageName="" static="false"><versionSpecificLibraries><entry><key>5.0</key></entry><entry><key>6.0</key></entry></versionSpecificLibraries></nativeFunction></mappings><returnTypes>void</returnTypes></jsFunctions><jsFunctions name="audioPlayerDidFinishPlaying"><mappings platformId="1"><nativeFunction className="RecorderBindings" frameworks="" library="CRM_AUDIO_IMG_S3_FFI.zip" name="audioPlayerDidFinishPlaying" packageName="" static="false"><versionSpecificLibraries><entry><key>5.0</key></entry><entry><key>6.0</key></entry></versionSpecificLibraries></nativeFunction></mappings><returnTypes>Boolean</returnTypes></jsFunctions></namespaces></javaScriptFFIContainer>