<application id="Audio" name="Audio" ffixmlversion="2.0" language="js"><jsnamespace namespace="audio" iphoneheaders="CRM_AUDIO_IMG_S3_FFI.zip:|audio.zip:Recorder.h;RecorderBindings.h" ipadheaders=""><jsclasses></jsclasses><jsfunctions><jsfunction name="record" returntype="void"><params></params><mappings><mapping platform="iphone" library="audio.zip" namespace="" class="RecorderBindings" static="true" method="startRecording" returntype="void"  frameworks=""><params></params></mapping></mappings></jsfunction><jsfunction name="stopRecording" returntype="void"><params></params><mappings><mapping platform="iphone" library="CRM_AUDIO_IMG_S3_FFI.zip" namespace="" class="RecorderBindings" static="true" method="stopRecording" returntype="void"  frameworks=""><params></params></mapping></mappings></jsfunction><jsfunction name="playRecorded" returntype="void"><params></params><mappings><mapping platform="iphone" library="CRM_AUDIO_IMG_S3_FFI.zip" namespace="" class="RecorderBindings" static="true" method="playRecording" returntype="void"  frameworks=""><params></params></mapping></mappings></jsfunction><jsfunction name="initRecording" returntype="void"><params><param name="fileName" type="String"/></params><mappings><mapping platform="iphone" library="CRM_AUDIO_IMG_S3_FFI.zip" namespace="" class="RecorderBindings" static="true" method="prepareToRecord:" returntype="void"  frameworks=""><params><param type="NSString"/></params></mapping></mappings></jsfunction><jsfunction name="pauseRecording" returntype="void"><params></params><mappings><mapping platform="iphone" library="CRM_AUDIO_IMG_S3_FFI.zip" namespace="" class="RecorderBindings" static="true" method="pauseRecording" returntype="void"  frameworks=""><params></params></mapping></mappings></jsfunction><jsfunction name="purgeRecorded" returntype="void"><params></params><mappings><mapping platform="iphone" library="CRM_AUDIO_IMG_S3_FFI.zip" namespace="" class="RecorderBindings" static="true" method="purgeRecorded" returntype="void"  frameworks=""><params></params></mapping></mappings></jsfunction><jsfunction name="playRemoteAudioFile" returntype="void"><params><param name="remoteFileURL" type="String"/></params><mappings><mapping platform="iphone" library="CRM_AUDIO_IMG_S3_FFI.zip" namespace="" class="RecorderBindings" static="true" method="playRemoteAudioFile:" returntype="void"  frameworks=""><params><param type="NSString"/></params></mapping></mappings></jsfunction><jsfunction name="pausePlaying" returntype="void"><params></params><mappings><mapping platform="iphone" library="CRM_AUDIO_IMG_S3_FFI.zip" namespace="" class="RecorderBindings" static="true" method="pausePlaying" returntype="void"  frameworks=""><params></params></mapping></mappings></jsfunction><jsfunction name="stopPlaying" returntype="void"><params></params><mappings><mapping platform="iphone" library="CRM_AUDIO_IMG_S3_FFI.zip" namespace="" class="RecorderBindings" static="true" method="stopPlaying" returntype="void"  frameworks=""><params></params></mapping></mappings></jsfunction><jsfunction name="audioPlayerDidFinishPlaying" returntype="Boolean"><params></params><mappings><mapping platform="iphone" library="CRM_AUDIO_IMG_S3_FFI.zip" namespace="" class="RecorderBindings" static="true" method="audioPlayerDidFinishPlaying" returntype="BOOL"  frameworks=""><params></params></mapping></mappings></jsfunction></jsfunctions></jsnamespace></application>